title,artist,genre,bpm,nrgy,dnce,dB,live,val,dur,acous,spch,pop
Stuck On You,Giveon,r&b,158,45,60,-7,11,14,205,16,5,68
Irrational,Shay Lia,r&b,98,70,76,-6,6,50,169,62,9,56
Treat,0.465972222,r&b,94,41,70,-10,11,81,167,41,9,50
Damage,H.E.R.,r&b,81,70,65,-7,12,18,223,11,7,73
Cupid's Curse (feat. Kehlani),Phora,r&b,111,40,69,-10,15,54,213,70,6,68
Silver Tongue Devil (feat. Shenseea),Masego,r&b,102,65,79,-9,10,70,198,51,9,62
Hold On,H.E.R.,r&b,120,54,46,-5,15,19,203,45,5,65
You Trippin,Devvon Terrell,r&b,152,83,57,-6,15,54,146,5,11,46
Baby,Brandon,r&b,76,25,64,-10,40,42,112,88,8,54
Mine,Alex Isley,r&b,67,40,35,-9,13,13,213,83,6,47
Thank My Exes,Devvon Terrell,r&b,140,74,61,-5,35,59,182,16,11,45
Mr. Midnight,Raheem DeVaughn,r&b,160,59,74,-9,9,68,264,40,13,40
SURF (feat. Masego),Xavier Omär,r&b,166,57,60,-7,10,31,202,11,35,57
Between The Lines,Gwen Bunn,r&b,104,48,51,-8,30,23,223,10,4,48
"Your Turn (feat. Musiq Soulchild, Tish Hyman & 6LACK)",Ty Dolla $ign,r&b,146,39,53,-9,11,25,320,18,5,65
You Send Me,Vivian Green,r&b,126,70,53,-7,12,40,229,27,7,48
All In You,Luh Kel,r&b,167,73,55,-6,13,24,143,5,4,53
All About You,Leon Bridges,r&b,122,45,75,-9,30,27,180,12,6,66
Self Love,Savannah Cristina,r&b,122,51,79,-9,11,41,158,58,12,44
Damn,Baby Rose,r&b,140,55,43,-8,12,46,174,79,5,55
Two Ways,Trey Songz,r&b,160,46,68,-8,11,29,201,5,13,57
Black Woman,Emanuel,r&b,141,15,38,-11,12,22,238,95,3,54
Do You Well,Omarion,r&b,160,67,72,-8,11,72,168,8,27,43
High & Dry,VanJess,r&b,140,50,79,-9,11,48,159,48,24,49
Vote - as featured on ABC’s black-ish,Jhené Aiko,r&b,147,55,60,-11,10,64,104,61,41,51
One Thing Missing,Eric Bellinger,r&b,120,48,66,-8,11,26,192,57,18,50
Passport - ?????,Masego,r&b,94,27,51,-11,19,56,182,69,16,62
HMU,Sevyn Streeter,r&b,82,70,76,-7,8,55,154,37,5,56
On and On,THEY.,r&b,88,82,56,-5,19,49,232,24,4,59
Involved,Omarion,r&b,107,48,76,-6,11,32,184,21,22,55
Home Vacation (FamilyOverEverything),Salaam Remi,r&b,63,27,33,-11,10,6,131,54,3,46
Only Fan. (with Jacquees),Kiana Ledé,r&b,140,52,43,-9,7,48,221,31,7,60
Stars In The Sky (feat. Jhené Aiko),Phora,r&b,96,42,64,-11,11,35,253,50,3,66
Lie To Me,Queen Naija,r&b,173,72,52,-5,9,66,193,31,38,64
Organic,Eric Bellinger,r&b,98,60,49,-7,10,48,198,28,39,55
That’s Real (feat. A Boogie Wit da Hoodie),Ayanis,r&b,96,65,73,-8,39,33,181,1,8,48
HBK,Sainvil,r&b,170,63,67,-6,32,20,269,21,27,44
Losing Focus (with Wale),THEY.,r&b,92,87,72,-4,8,73,213,26,7,65
Touch Me (feat. Kehlani) - Remix,Victoria Monét,r&b,137,58,42,-9,13,53,188,82,13,62
Kissez,Sevyn Streeter,r&b,100,65,68,-6,28,63,148,15,16,52
FOMO,Gemaine,r&b,158,71,74,-6,7,67,198,21,7,41
Like I Feel (feat. Mereba),Xavier Omär,r&b,138,53,70,-11,11,60,227,55,6,59
Chocolate Pomegranate,Ari Lennox,r&b,176,37,54,-12,12,21,248,18,5,63
First Day Out (with Smoke DZA),Abby Jasmine,r&b,162,72,53,-3,11,71,191,57,28,42
Gravity,Eric Bellinger,r&b,180,49,47,-10,12,68,171,68,17,50
Pretty,Col3trane,r&b,178,34,60,-13,11,43,167,86,6,61
A Moment,RILEY,r&b,90,24,53,-8,11,37,196,94,3,54
Solid,Savannah Ré,r&b,60,50,64,-6,9,36,220,18,3,41
Pretty Mouth Magick,Mario,r&b,146,49,77,-8,20,37,177,24,7,54
Wishlist (feat. PJ Morton),JoJo,r&b,140,39,56,-6,11,38,238,85,3,39
Tyler Herro,Jack Harlow,hip hop,123,76,79,-7,25,78,156,11,14,84
Whoopty,CJ,hip hop,140,61,71,-8,13,78,123,19,17,83
Moonwalking in Calabasas (feat. Blueface) - Remix,DDG,hip hop,130,34,93,-10,16,75,170,6,10,81
Lemonade (Feat. Roddy Ricch & Don Toliver) [Remix],Internet Money,hip hop,140,55,83,-8,11,38,181,17,6,79
Onna Come Up,Lil Eazzyy,hip hop,150,43,80,-13,9,65,128,36,28,78
You’re Mines Still (feat. Drake),Yung Bleu,hip hop,83,61,57,-5,11,34,226,32,12,77
When You Down (with Polo G feat. Lil Durk),Lil Tecca,hip hop,76,63,51,-7,13,31,193,24,38,76
Throat Baby (Go Baby),BRS Kash,hip hop,132,52,90,-7,10,21,218,1,15,75
Back to the Streets (feat. Jhené Aiko),Saweetie,hip hop,102,79,87,-4,11,56,189,17,7,75
Whole Lotta Choppas (Remix) [feat. Nicki Minaj],Sada Baby,hip hop,128,72,96,-3,12,28,174,0,17,75
hooligan,Baby Keem,hip hop,93,64,77,-8,12,41,157,20,9,73
Revenge,$NOT,hip hop,96,62,83,-7,10,35,148,29,20,72
"Lost Me (feat. Lil Mosey, iann dior & Lil Skies)",Internet Money,hip hop,90,70,69,-7,8,38,178,16,4,71
Mean,$NOT,hip hop,100,73,84,-8,9,61,125,25,29,71
BookBag 2.0 (feat. Polo G),BigKayBeezy,hip hop,135,54,91,-6,9,82,171,32,50,70
Tip Toe,Sheff G,hip hop,130,62,85,-7,19,80,181,58,33,70
The Code (feat. Polo G),King Von,hip hop,133,62,83,-8,12,57,202,6,34,69
Diamond Choker,Lil Gnar,hip hop,130,43,92,-13,4,68,155,10,39,69
Baggin',Marshmello,hip hop,156,53,78,-7,11,38,197,24,45,69
Bop It (feat. Polo G),Fivio Foreign,hip hop,145,61,84,-7,31,26,149,0,35,68
Letter 2 U,J.I the Prince of N.Y,hip hop,91,47,58,-11,11,22,171,67,27,67
I Am What I Am (feat. Fivio Foreign),King Von,hip hop,141,68,80,-6,12,42,218,8,29,67
MAD,2KBABY,hip hop,80,47,56,-6,24,20,190,7,34,67
Don't Need Time - Remix,Hotboii,hip hop,102,63,78,-5,13,62,184,34,17,67
Coochie Land,YN Jay,hip hop,97,51,53,-11,11,36,185,43,6,66
Lets Link (feat. Tyga & Lil Mosey),WhoHeem,hip hop,120,70,87,-8,9,59,216,2,12,65
SAME HANDS (feat. Lil Durk),BIA,hip hop,150,61,88,-7,11,32,206,7,25,65
Like Me (feat. iann dior),$NOT,hip hop,104,46,90,-8,9,65,167,19,10,64
While I'm Here (feat. Polo G),Lil Loaded,hip hop,77,88,68,-6,30,56,209,0,7,63
Demon,King Von,hip hop,140,69,79,-8,17,36,134,16,25,62
Window Shopping (feat. Lil Baby),FRVRFRIDAY,hip hop,98,67,81,-7,7,50,161,29,13,62
"Memphis, Pt. 2 (feat. NLE Choppa and A$AP Ferg)",AG Club,hip hop,149,66,70,-8,20,35,224,29,40,62
Black Mask (feat. Pop Smoke),Jay Gwuapo,hip hop,144,67,82,-7,39,26,150,4,23,62
Mrs. Whoever,Saba,hip hop,84,54,66,-12,12,39,172,33,38,62
My City,ONEFOUR,hip hop,130,47,87,-8,10,19,172,3,34,61
Sangria (feat. Denzel Curry),$NOT,hip hop,100,67,88,-8,13,51,126,6,30,61
Keep Your Distance,Ameer Vann,hip hop,150,53,81,-6,10,43,119,5,26,61
Favorite Ni**a,REASON,hip hop,142,57,64,-8,52,43,125,13,77,61
Racin' (feat. Lil Tjay),KJ Balla,hip hop,143,73,79,-4,19,64,186,11,30,61
All White,Young Nudy,hip hop,137,49,93,-9,9,31,211,6,33,60
For Me,CHASE B,hip hop,133,50,90,-8,8,14,202,1,32,59
No Love Lost,Blxst,hip hop,139,56,66,-6,18,37,106,65,48,59
Mine Too,King Von,hip hop,154,69,80,-8,8,82,175,8,39,59
Solid (feat. 42 Dugg),Yella Beezy,hip hop,125,88,98,-5,5,76,225,3,30,59
"SoIcyBoyz 2 (feat. Pooh Shiesty, Foogiano & Tay Keith)",Big Scarr,hip hop,125,65,96,-6,22,69,190,9,26,59
It's Whatever (feat. Future),K$upreme,hip hop,150,62,73,-6,10,22,179,4,24,59
Met In LA,Toosii,hip hop,113,47,61,-10,8,51,136,4,27,58
Tweakin (feat. Future),Doe Boy,hip hop,76,50,84,-6,9,43,183,10,31,57
No Relay,9lokknine,hip hop,155,60,83,-8,28,77,140,2,39,57
Hands On Ya Knees (feat. Kevin Gates),Renni Rucci,hip hop,92,76,70,-7,38,63,141,33,20,56
Student Loans,tobi lou,hip hop,152,67,68,-9,12,72,125,51,19,56
STACKHOUSE,Melvoni,hip hop,121,58,80,-7,6,37,163,10,7,55
Big Homie (feat. 2 Chainz),Symba,hip hop,142,59,69,-7,31,24,203,26,26,55
Way Too Soft,Melii,hip hop,168,64,79,-5,10,38,137,2,26,55
Get In feat. Stunna 4 Vegas,Kalan.FrFr,hip hop,130,52,87,-7,13,46,203,7,34,55
Gun Smoke,Stunna 4 Vegas,hip hop,140,81,93,-6,14,83,137,16,31,55
Demons,StaySolidRocky,hip hop,138,56,87,-8,10,73,195,11,7,54
Shining (feat. 42 Dugg),LBS Kee'vin,hip hop,128,52,96,-8,9,81,128,2,46,54
Flute (with Rich The Kid),Brokeasf,hip hop,100,50,93,-11,9,70,178,15,34,53
Blow It (feat. Foogiano),Big Scarr,hip hop,127,60,86,-8,26,34,164,43,24,53
Chrome No Heart,Smoove'L,hip hop,146,67,89,-5,13,88,132,3,46,53
Designer Talk,Lil Tracy,hip hop,118,44,87,-9,11,26,197,2,10,53
Activated,Lil Eazzyy,hip hop,127,51,63,-12,16,66,152,16,35,52
Don't Worry (Clappers),Slimelife Shawty,hip hop,133,41,81,-9,11,21,201,14,37,52
All The Money In The World (feat. Lil Durk),Lil Poppa,hip hop,98,67,72,-6,17,29,148,9,31,52
Wild Child,Noodah05,hip hop,102,50,56,-9,12,31,178,4,31,52
Quicksand,Morray,hip hop,120,67,90,-7,14,56,224,8,31,51
Honey Pack,Bfb Da Packman,hip hop,92,60,75,-8,27,47,198,34,35,51
Big Glock (feat. Shy Glizzy),Trapboy Freddy,hip hop,120,60,96,-9,11,95,136,4,30,51
PSYCHO - from the Crimson Soundtrack,BEAM,hip hop,160,65,82,-8,10,54,147,35,38,51
"50 Bars, Pt. 4",Rah Swish,hip hop,145,86,77,-4,8,67,132,41,34,51
MAYA,PRICE,hip hop,76,69,58,-7,55,78,182,7,13,51
Big Homie (Remix) [feat. King Von & Jackboy],OMB Peezy,hip hop,110,66,80,-5,9,40,209,23,14,51
Sandlot,ssgkobe,hip hop,124,57,88,-9,11,83,132,7,18,50
Alpha,Guapdad 4000,hip hop,100,57,92,-6,10,59,173,15,11,50
Parlay,BFG Straap,hip hop,142,79,92,-3,8,75,121,1,23,50
I.D.F.W (feat. Stunna 4 Vegas),300lbs of Guwop,hip hop,130,62,85,-6,15,45,236,4,17,49
Hands Down,Seddy Hendrinx,hip hop,86,65,62,-6,14,26,158,73,24,48
Broke My Heart (with Kevin Gates),Blacc Zacc,hip hop,150,81,70,-4,11,37,193,24,30,48
Déjà Vu (feat. Guapdad 4000),Deante' Hitchcock,hip hop,139,61,76,-6,17,40,228,17,26,48
Sum Mo (feat. 42 Dugg),Trapboy Freddy,hip hop,77,50,87,-10,6,81,201,8,34,48
What You Need (Kdot),Katori Walker,hip hop,75,55,83,-8,10,48,166,16,38,47
Plug Me In,Deante' Hitchcock,hip hop,135,66,96,-5,9,81,199,41,6,46
Training Day,Dougie F,hip hop,140,42,82,-12,21,28,158,29,23,46
Hoodie Weather,Marlon Craft,hip hop,96,75,80,-7,32,47,131,42,37,45
For Me (feat. Yo Gotti),Rylo Rodriguez,hip hop,128,59,90,-7,8,44,203,3,29,44
Workin,YSB Tril,hip hop,160,61,84,-7,10,79,145,0,25,44
CHROME,Melvoni,hip hop,118,37,87,-10,5,69,151,25,22,44
Netflix,Ron Suno,hip hop,145,76,64,-8,17,84,151,16,32,44
All We Got,Bobby Sessions,hip hop,80,67,74,-7,10,56,229,5,32,44
Do Dirt Alone (feat. Kevin Gates),Rahli,hip hop,128,60,95,-7,11,81,176,3,27,43
Sexy (Remix) - feat. Flo Milli,JoeVille,hip hop,122,65,84,-7,8,50,228,1,19,43
Yano,Foogiano,hip hop,146,64,89,-6,7,65,145,11,34,42
Scared,Kembe X,hip hop,138,63,82,-6,16,38,196,14,12,41
Cartis,King Combs,hip hop,146,47,66,-6,16,11,161,1,3,41
Tennis,Blacc Zacc,hip hop,161,72,72,-4,20,61,215,21,15,40
The Playas Club,Heavy Steppers,hip hop,95,68,93,-7,29,39,135,1,24,39
Jumpstart,Wesson Desir,hip hop,130,42,90,-7,11,53,153,55,8,39
T.H.U.G.,Jucee Froot,hip hop,175,52,70,-8,12,22,199,15,33,39
Taught Different,EST Gee,hip hop,176,63,84,-8,20,24,199,2,28,35
What You Know Bout Love,Pop Smoke,pop,84,55,71,-8,13,54,160,65,35,95
Holy (feat. Chance The Rapper),Justin Bieber,pop,87,70,67,-8,9,37,212,20,36,95
Lonely (with benny blanco),Justin Bieber,pop,80,24,63,-7,12,9,149,86,4,92
Wonder,Shawn Mendes,pop,140,64,33,-5,15,13,173,13,6,92
Put Your Records On,Ritt Momney,pop,91,49,40,-11,11,15,210,6,5,92
34+35,Ariana Grande,pop,110,59,83,-6,25,49,174,24,9,87
Levitating (feat. DaBaby),Dua Lipa,pop,103,83,70,-4,7,92,203,1,6,87
Diamonds,Sam Smith,pop,104,67,65,-7,11,56,214,15,4,87
Golden,Harry Styles,pop,140,84,45,-5,13,25,209,21,6,86
Deep End,Fousheé,pop,125,59,71,-7,16,54,141,76,23,86
motive (with Doja Cat),Ariana Grande,pop,117,74,79,-6,17,66,168,7,7,85
SO DONE,The Kid LAROI,pop,143,60,72,-6,12,30,127,23,8,84
positions,Ariana Grande,pop,144,80,74,-5,9,68,172,47,9,84
just like magic,Ariana Grande,pop,128,61,72,-5,13,46,150,8,17,83
The Business,Tiësto,pop,120,62,80,-7,11,24,164,41,23,83
"Baby, I'm Jealous (feat. Doja Cat)",Bebe Rexha,pop,98,87,74,-2,32,51,176,4,5,83
Blueberry Eyes (feat. SUGA of BTS),MAX,pop,150,61,75,-7,13,41,172,45,10,83
At My Worst,Pink Sweat$,pop,92,42,81,-6,13,67,170,78,3,82
Spicy (feat. Post Malone),Ty Dolla $ign,pop,100,50,78,-6,11,13,144,14,4,82
Fake,Lauv,pop,83,66,70,-5,9,46,146,14,8,82
Papi Chulo,Octavian,pop,128,56,87,-7,9,31,162,19,11,82
forget me too (feat. Halsey),Machine Gun Kelly,pop,100,88,65,-5,19,52,172,0,7,82
BICHOTA,KAROL G,pop,164,67,86,-4,10,84,179,21,15,82
Lasting Lover,Sigala,pop,126,79,68,-5,9,48,218,20,5,82
PRACTICE,DaBaby,pop,142,54,85,-7,13,31,123,2,35,81
Fallin’ (Adrenaline),Why Don't We,pop,134,90,61,-5,8,23,217,1,12,80
Sweet Melody,Little Mix,pop,120,82,45,-4,11,42,214,7,6,80
Your Man,Joji,pop,118,82,79,-9,15,5,164,62,10,80
Hate The Way (feat. blackbear),G-Eazy,pop,82,87,57,-4,31,36,214,7,27,79
Fever,Dua Lipa,pop,115,69,87,-7,11,40,157,6,18,78
Chasing_(Demo),NF,pop,139,9,50,-19,13,30,182,95,13,77
i miss u (with Au/Ra),Jax Jones,pop,124,73,67,-8,13,45,172,4,5,77
Let Me Love You Like A Woman,Lana Del Rey,pop,128,25,40,-12,12,15,201,97,6,77
Not a Pop Song,Little Mix,pop,139,65,62,-5,8,36,179,28,4,77
Too Much (feat. Usher),Marshmello,pop,126,89,71,-3,26,74,166,0,4,76
All We Got (feat. KIDDO),Robin Schulz,pop,184,76,50,-4,15,64,190,29,4,76
heart won't let me,LANY,pop,136,66,61,-8,11,26,200,26,3,76
Nightlight,ILLENIUM,pop,150,65,49,-4,10,16,222,8,4,76
Paradise (feat. Dermot Kennedy),MEDUZA,pop,124,60,63,-8,21,44,168,7,4,75
I'm Not Mad,Halsey,pop,150,68,78,-6,11,73,173,17,6,75
Lie Like This,Julia Michaels,pop,121,69,74,-6,7,85,218,14,5,74
Giants,Dermot Kennedy,pop,158,83,57,-5,13,59,177,1,8,74
In Your Eyes (feat. Kenny G) - Remix,The Weeknd,pop,100,79,61,-4,7,53,257,0,4,74
Head Shoulders Knees & Toes (feat. Norma Jean Martine),Ofenbach,pop,125,83,80,-5,12,60,157,2,19,74
Not Another Love Song,Ella Mai,pop,157,61,50,-6,10,22,218,17,13,74
Inside Out (feat. Griff),Zedd,pop,146,68,64,-4,11,40,186,17,4,73
24 (feat. Lil Baby),Money Man,pop,126,64,87,-8,9,46,183,15,7,73
Still Have Me,Demi Lovato,pop,76,46,28,-7,11,37,203,50,7,73
A Little Bit Yours,JP Saxe,pop,87,30,60,-9,11,31,226,74,3,73
Kids Again,Sam Smith,pop,128,73,67,-3,9,47,208,49,3,72
Never Change (feat. Future),Trippie Redd,pop,155,75,35,-6,19,61,174,12,16,72
say it over (feat. Cautious Clay),Ruel,pop,156,32,44,-11,61,15,239,57,4,72
Tonight (feat. iann dior),jxdn,pop,165,63,50,-7,35,46,136,0,5,72
I Hope (feat. Charlie Puth),Gabby Barrett,pop,75,58,55,-6,16,41,210,17,4,72
WOW (feat. Sabrina Carpenter) - Remix,Zara Larsson,pop,77,74,70,-4,9,31,180,47,9,72
cowboy in LA,LANY,pop,178,39,62,-9,12,73,214,41,3,72
Cigarettes On Patios,BabyJake,pop,140,71,75,-5,14,59,208,26,5,71
cotton candy,YUNGBLUD,pop,124,93,63,-3,9,70,167,1,7,71
Lie,Sasha Sloan,pop,104,48,72,-7,12,29,209,39,4,71
Dancing in My Room,347aidan,pop,120,41,98,-11,21,74,180,66,11,70
Paper Thin,ILLENIUM,pop,156,78,56,-4,16,75,197,0,9,70
Bitter (feat. Trevor Daniel),FLETCHER,pop,136,64,69,-6,13,41,195,24,7,70
off the table (with The Weeknd),Ariana Grande,pop,101,52,56,-7,40,39,240,51,7,69
First Time,Daya,pop,102,63,55,-7,40,67,147,70,29,69
distance,Ruel,pop,149,33,56,-9,56,50,179,50,16,69
Heat Waves,Glass Animals,pop,81,53,76,-7,9,53,239,44,9,69
Stuck In The Middle,Tai Verdes,pop,120,50,87,-9,9,85,196,37,5,69
Hell and High Water (feat. Alessia Cara),Major Lazer,pop,170,77,47,-6,18,42,145,37,26,68
wisdom teeth,Bea Miller,pop,97,56,75,-6,15,41,181,6,15,68
Producer Man,Lyn Lapid,pop,174,64,66,-5,26,75,142,13,22,67
Looking For Me,Paul Woolford,pop,121,53,64,-12,8,45,211,0,3,67
The Bakery,Melanie Martinez,pop,102,56,91,-6,8,51,155,13,7,67
Plain (feat. Lily Allen & Flo Milli),BENEE,pop,123,55,83,-6,9,82,232,27,7,66
Can't Wait To Be Dead,FINNEAS,pop,100,44,72,-8,10,32,176,1,3,66
So Sick (feat. blackbear),Kiiara,pop,118,54,75,-7,51,39,151,15,6,66
pov,Ariana Grande,pop,132,53,47,-6,10,17,202,36,6,65
THE END,Alesso,pop,103,71,64,-4,14,61,206,2,3,65
you broke me first - Gryffin Remix,Tate McRae,pop,124,80,57,-6,16,23,216,36,4,65
FEEL SOMETHING DIFFERENT,Bea Miller,pop,125,71,78,-5,24,37,207,12,9,65
blind,ROLE MODEL,pop,150,66,77,-5,9,69,153,14,7,65
No Other Way,SHAED,pop,114,69,74,-5,30,97,148,5,4,63
THICK (feat. Megan Thee Stallion) - Remix,DJ Chose,pop,145,75,88,-6,27,68,205,3,37,61
Rather Be You,Tom Gregory,pop,89,71,75,-4,17,60,173,18,4,61
Kill Me Better,Don Diablo,pop,80,78,51,-3,13,53,194,11,4,56
Forever After All,Luke Combs,country,152,65,49,-5,9,46,233,19,3,85
Starting Over,Chris Stapleton,country,89,54,64,-8,7,32,240,45,3,76
Better Than We Found It,Maren Morris,country,170,57,38,-5,17,23,197,11,3,72
Hate You Like I Love You,Granger Smith,country,115,67,66,-6,13,81,174,4,3,70
Things I Can't Say (feat. Julia Cole),Spencer Crandall,country,80,80,62,-4,11,94,165,1,5,70
Nothing's Better,Filmore,country,110,52,80,-5,36,95,193,7,4,70
Gone Too Soon,Andrew Jannakos,country,120,72,53,-6,36,46,169,2,4,70
Hell Of A View,Eric Church,country,99,58,69,-7,10,88,175,12,2,70
Things A Man Oughta Know,Lainey Wilson,country,140,67,66,-6,13,36,206,52,3,69
Good Taste,Levi Hummon,country,96,69,66,-6,11,74,158,0,4,68
Thought This Through,Josh Kerr,country,100,69,79,-7,10,71,173,56,4,68
Dirt Road,Kidd G,country,140,51,79,-8,13,17,151,52,7,68
F-150,Robyn Ottolini,country,147,67,37,-6,11,46,169,5,5,66
Mercury Rising,Tezza,country,110,84,64,-4,15,55,162,29,5,65
Palm Reader,Christie Huff,country,189,42,40,-6,12,20,256,75,4,64
If It Wasn’t For Trucks,Riley Green,country,152,81,44,-6,16,17,197,0,4,64
We Go Together Like,Abby Anderson,country,100,82,62,-5,14,61,164,17,3,63
Good Die Young,Koe Wetzel,country,118,70,60,-6,6,53,166,4,4,63
Down To One,Luke Bryan,country,94,78,62,-4,11,55,222,36,4,63
New Normal,Cooper Alan,country,75,57,72,-8,14,58,167,44,4,62
Lose You,Jordan Davis,country,95,64,65,-6,10,42,203,21,4,62
Memory I Don't Mess With,Lee Brice,country,92,70,62,-8,9,57,181,17,3,62
Breaking Up Was Easy In The 90's,Sam Hunt,country,146,65,56,-5,34,38,216,23,5,60
Gone,Dierks Bentley,country,150,75,52,-6,7,47,206,1,4,60
Better Than Me,Riley Green,country,150,50,47,-6,12,47,231,32,3,59
Dear Rodeo (with Reba McEntire),Cody Johnson,country,146,64,50,-5,11,40,255,1,3,59
You Time,Scotty McCreery,country,104,77,55,-6,14,60,192,0,2,58
I Can't (feat. Old Dominion),Caitlyn Smith,country,138,67,50,-4,9,38,210,20,3,58
Just About Over You - Radio Edit,Priscilla Block,country,150,79,55,-3,16,59,188,19,3,58
Who Didn't,Logan Mize,country,148,88,55,-4,13,83,177,32,4,58
Long Haul,Ian Munsick,country,142,63,51,-8,8,30,231,42,3,58
We Didn't Have Much,Justin Moore,country,176,66,47,-8,12,61,175,43,3,58
Whiskey And Rain,Michael Ray,country,100,62,65,-5,28,72,207,51,2,57
Never Get Old,Russell Dickerson,country,162,80,49,-5,35,89,186,5,4,57
Talk About,Seaforth,country,97,73,65,-5,2,80,166,1,14,57
Silverado,Hunter Phelps,country,79,58,60,-5,33,33,203,24,3,57
DANCE WITH ME,Niko Moon,country,112,68,82,-7,6,76,223,18,3,57
Soundtrack to a Small Town Sundown,Tyler Farr,country,150,77,44,-5,10,34,180,1,4,57
Real Love,Tyler Rich,country,160,61,55,-6,10,56,183,43,5,56
Another,Adam Doleac,country,75,58,60,-6,10,33,188,36,5,56
Me and Mine,Sam Grow,country,79,84,49,-4,26,63,189,1,3,55
Every Time I Look at You,Shenandoah,country,153,70,66,-6,14,60,200,31,4,55
"Love Ya Son, Go Dawgs",Ray Fulcher,country,150,64,59,-6,14,32,242,25,3,54
Better Than That,Matt Stell,country,158,88,47,-3,12,58,199,1,7,54
Take Your Breath Away,Josh Melton,country,91,56,64,-6,14,58,174,71,2,54
Love Is a Dead End Road,Tyler Braden,country,138,74,59,-6,11,48,196,17,3,54
Cocktail Conversations,Roman Alexander,country,146,73,47,-6,9,55,204,1,6,53
Find Our Way,Southbound,country,98,93,53,-2,9,58,164,3,5,53
Drinkin' Songs,MacKenzie Porter,country,110,89,57,-4,64,54,208,29,4,53
Goodyears,Travis Denning,country,136,92,62,-5,8,55,214,18,6,53
Startin' Young,Brandon Lay,country,85,74,56,-7,10,55,219,1,4,53
Wild and Young,Eric Paslay,country,94,34,34,-10,7,26,222,78,3,52
Right One,Livy Jeanne,country,82,46,54,-7,8,23,163,56,5,52
Settle Me Down,Josh Abbott Band,country,73,52,35,-7,11,48,177,73,3,51
My First Car,Meghan Patrick,country,152,90,57,-3,16,76,169,7,11,51
Does He Know About Us,David Morris,country,95,66,64,-5,16,22,159,5,3,51
I Do Thing,Kylie Frey,country,127,74,63,-6,25,80,176,16,6,51
Hammer,Troy Cartwright,country,80,79,51,-7,9,35,187,2,3,50
Old Friends,Brantley Gilbert,country,124,64,52,-5,10,32,219,2,3,50
Range Rover,Devin Dawson,country,144,72,77,-3,5,75,198,42,5,50
Ain't That Kind of Cowboy,Trace Adkins,country,76,75,57,-5,9,69,201,8,4,50
Heart's In Your Head,Renee Blair,country,176,78,49,-5,12,46,187,0,4,49
Somewhere San Diego,The Swon Brothers,country,144,81,47,-6,38,28,193,6,8,49
Drag It Out,Walker County,country,156,69,40,-5,15,35,199,10,4,49
How Many Times,Kat & Alex,country,144,73,51,-7,14,33,206,10,5,49
Best Nights,Alana Springsteen,country,152,72,53,-4,10,39,209,21,4,49
Always Will Be,John King,country,142,83,51,-6,31,48,172,0,6,48
Cabin In The Woods,Canaan Smith,country,144,72,59,-6,51,62,176,38,4,48
Born Yesterday,Haley & Michaels,country,160,52,46,-5,17,7,216,32,3,48
Under My Skin,Nate Smith,country,152,54,60,-6,16,47,179,13,3,47
Happy Ever After,Jon Langston,country,148,91,56,-3,29,63,190,6,5,47
Someone's Sometimes,Jamie O'Neal,country,74,38,31,-8,12,10,212,39,4,46
Highway Honey,Haley Mae Campbell,country,120,61,39,-4,12,33,229,37,4,44
Doing Fine,Ryan Kinder,country,96,82,64,-7,21,62,152,2,4,44
Sorrys Don't Work No More,Brittney Spencer,country,139,22,40,-14,9,37,226,89,4,44
The Longer I Lay Here,Adam Hambrick,country,102,80,68,-4,15,71,160,14,3,44
I Got It All,Ray Fulcher,country,146,94,64,-4,6,62,193,1,5,39
While You're Gone,Drew Parker,country,140,52,63,-6,8,36,227,8,3,34
Give Me Up,First and Forever,rock,146,71,42,-4,14,8,191,0,3,37
Constant,The Haunt,rock,158,68,47,-8,11,12,214,0,6,36
In for Blood,The Dead Deads,rock,128,72,50,-3,29,46,224,0,4,54
Chaos,Stateside,rock,140,74,52,-4,14,23,185,0,3,34
Young & Faded,The Hunna,rock,150,83,61,-5,34,17,171,11,5,49
Earth Is A Black Hole,Teenage Wrist,rock,132,90,55,-4,20,57,176,0,6,41
bad blood,godz,rock,120,57,72,-9,16,83,204,8,4,41
.intoodeep.,Dead Poet Society,rock,125,67,59,-6,35,50,220,0,4,49
Borderlines,Apollo Junction,rock,140,81,29,-8,53,56,168,0,4,32
BABYDOLL,LUNA AURA,rock,90,74,54,-8,8,71,166,0,4,36
Color,DI-RECT,rock,150,92,51,-7,12,59,177,3,7,60
Karma,MOD SUN,rock,198,83,46,-4,22,41,159,2,12,54
Evil,8 Graves,rock,90,71,60,-6,28,76,212,4,2,50
Cut It Loose,Maxband,rock,167,82,57,-7,6,72,186,0,3,44
Sleepwalk,Tribe Friday,rock,83,88,27,-6,11,22,174,0,5,33
Jessica,girlfriends,rock,175,86,51,-5,18,31,148,1,9,49
5000 Miles,BLOXX,rock,155,90,47,-3,15,51,212,0,8,49
Deja Vu,Betcha,rock,104,79,54,-7,13,66,203,10,3,41
"Must Stop (feat. Sarah Barthel, Phantogram)",ONR,rock,178,68,60,-6,7,45,215,0,3,52
Wildfire,Are We Static,rock,140,84,49,-8,68,20,213,0,8,30
Unknown,Oddnote,rock,92,95,52,-6,11,37,154,0,7,34
Never Back Down,No Resolve,rock,140,93,36,-4,38,31,222,0,16,46
wallflower (none of this means anything),VIOLET NIGHT,rock,166,96,43,-4,5,28,179,0,22,31
Kiss Kiss,Blue River,rock,94,72,48,-10,10,35,124,2,4,36
Take Your Time,The Pale White,rock,124,76,63,-5,26,75,178,0,4,43
How Can Some Experience What Pride Is Without Liberation for All?,Jools,rock,75,94,48,-4,12,47,213,0,6,37
Losers,Charming Liars,rock,136,71,54,-6,25,34,217,0,3,30
American Gothic,IRONTOM,rock,83,99,44,-4,12,20,208,3,14,37
Close to the Sun,Stay Over,rock,121,56,73,-7,28,35,180,74,4,38
Back From The Dead,Reach NYC,rock,98,99,54,-4,18,32,224,0,7,42
John Doe,Adam Jensen,rock,163,93,46,-5,27,64,208,1,10,46
Animal Noise,Model Child,rock,162,79,45,-6,23,37,197,0,5,32
Loveless,Outloved,rock,135,75,55,-5,27,30,161,0,3,41
Fantasising,Skegss,rock,154,96,18,-3,32,43,207,0,10,53
Fantastic,Blame My Youth,rock,168,89,44,-5,95,35,133,3,6,42
New Invention,I DONT KNOW HOW BUT THEY FOUND ME,rock,180,85,49,-3,9,76,192,1,8,57
Sundance Kid,1990nowhere,rock,130,94,59,-3,22,75,141,0,5,49
Barred Out [Feat. TWIN XL],American Teeth,rock,160,86,54,-6,12,74,158,0,5,37
Same Old You,Tuk Smith & The Restless Hearts,rock,117,96,53,-3,11,75,195,0,4,33
Trouble’s Coming,Royal Blood,rock,112,69,77,-5,32,78,228,6,4,71
Everybody But Myself,Rad Horror,rock,100,68,70,-7,17,46,233,1,3,28
Freefall (feat. Oliver Tree),Whethan,rock,127,67,56,-7,55,81,155,1,6,65
One Step Away,Moon Taxi,rock,122,87,66,-7,11,39,196,1,6,48
cycle,Smallpools,rock,101,77,52,-5,12,69,178,0,5,49
Brand New Thing,Zayde Wølf,rock,164,94,44,-4,11,21,177,0,13,47
Juvenile Mind,Cadmium,rock,172,54,54,-5,52,51,214,37,4,51
Shovel It In,Big Spring,rock,170,84,32,-6,41,48,196,0,5,34
Somewhere Nowhere,Hundredth,rock,177,87,27,-4,7,28,187,5,8,40
Deadwood,Goldminds,rock,93,75,32,-5,8,31,221,0,4,35
Impossible,Nothing But Thieves,rock,83,52,51,-7,10,13,248,4,3,67
that won't save us,Against The Current,rock,155,84,47,-6,8,37,201,0,4,59
The Kid I Used to Know,Arrested Youth,rock,160,78,64,-5,18,27,146,7,8,62
blood (feat. KennyHoopla & JUDGE),"nothing,nowhere.",rock,81,82,61,-4,14,85,158,4,15,58
Bleach,Hurtwave,rock,79,79,48,-7,10,20,199,3,5,41
stfu,phem,rock,164,66,60,-7,14,32,125,35,9,53
These Nights,We The Kings,rock,130,93,57,-4,9,36,208,0,10,51
Falling out of Rhythm (feat. Travis Barker),Marigolds+Monsters,rock,190,81,39,-7,28,35,215,0,6,48
Kingdom,All Good Things,rock,160,94,49,-4,30,60,273,0,7,51
Walk Away,No Love For The Middle Child,rock,103,87,58,-4,5,54,158,2,5,48
Live A Little,Chaz Cardigan,rock,165,87,59,-5,13,89,170,13,5,46
Cool Song,Tribe Friday,rock,88,90,43,-6,8,60,162,0,10,41
Shades,Merge,rock,142,87,44,-6,13,40,230,0,5,41
shift & go,Little Luna,rock,132,62,58,-7,11,20,213,7,3,39
Radio-Active,DE'WAYNE,rock,160,92,56,-7,14,67,187,2,16,41
Sick Boy,Weapons of Anew,rock,180,67,52,-9,28,38,195,1,11,50
Bluebird,Gus Dapperton,rock,135,81,71,-5,27,77,228,0,4,57
Slack,Hundredth,rock,104,89,47,-5,18,34,227,3,5,38
Between Heaven & Hell,Levi Conner,rock,145,75,43,-5,30,42,277,14,4,35
Glass Spiders,Hot Milk,rock,88,89,48,-4,13,37,215,0,11,46
Operator,Luna Bay,rock,136,82,47,-6,35,51,206,0,4,34
Runaway,Castlecomer,rock,174,75,29,-8,31,43,204,1,5,44
Perfectly Untrue,Lucia & The Best Boys,rock,118,86,63,-3,32,87,192,10,3,47
Leave Me Alone,Culture Wars,rock,154,62,52,-7,38,52,183,0,3,44
The Rift,Chappaqua Wrestling,rock,148,68,29,-4,32,37,229,0,4,46
First Train,Mayday Parade,rock,130,93,54,-7,18,29,215,0,6,56
Good News,My Kid Brother,rock,115,69,71,-3,7,44,190,11,5,39
You Are the Traffic,COIN,rock,188,63,43,-6,16,51,193,22,7,56
James Crow,Mobley,rock,160,91,65,-3,24,96,175,27,7,50
Stuck With Yourself,NEW LANGUAGE,rock,110,70,67,-8,62,77,205,2,3,33
Teddy Bear,DREAMERS,rock,110,75,82,-5,11,97,179,1,3,47
Heart Of A Champion (feat. Papa Roach & Ice Nine Kills),Hollywood Undead,rock,170,93,48,-4,35,76,210,0,8,66
Around the Bend,Strata,rock,146,94,39,-4,37,56,214,0,5,36
Look Better In Gold,Friday Pilots Club,rock,160,88,57,-5,11,77,205,1,7,44
Kevin,Slomosa,rock,152,63,47,-10,16,51,167,0,4,45
All I Need,Jake Bugg,rock,170,73,50,-4,8,64,216,0,4,58
H B I C,Gin Wigmore,rock,103,93,53,-3,33,65,158,1,5,49
Ponderosa Sun Club,Narrow Head,rock,160,98,25,-4,34,25,237,0,10,38
Adrenaline,Zero 9:36,rock,140,73,51,-6,6,23,204,0,4,52
Dirty,grandson,rock,160,85,54,-6,5,60,208,0,6,69
I Wish I Was A...,NOISY,rock,120,95,61,-3,28,65,195,1,15,54
Wild Things,Seaway,rock,122,87,62,-5,8,71,201,0,3,42
Greyscale,Sleeping Wolf,rock,133,88,48,-6,34,38,192,1,11,41
Boys From The Puget Sound,Ayron Jones,rock,148,71,53,-6,8,43,214,0,7,45
Buckhead,Hardcastle,rock,155,86,42,-5,9,61,211,0,4,38
Young Life Crisis,UPSAHL,rock,144,79,60,-4,12,72,157,13,7,50
Beautiful Way,You Me At Six,rock,171,92,38,-4,15,45,226,1,5,62
Let You,DYLYN,rock,168,70,53,-5,25,69,187,1,4,36
Selfish Love,LOWBORN,rock,120,72,65,-7,10,47,227,20,7,39
Tally-Ho,Psychedelic Porn Crumpets,rock,162,91,34,-5,46,46,202,0,11,45
Let's Talk,Bad Juju,rock,128,94,63,-3,9,78,193,1,7,32
Liquor & High,The Dumes,rock,150,91,46,-5,5,82,216,0,6,31
Santiago Peak,Movements,rock,132,96,59,-4,35,58,253,0,3,49
I Want To Be With You,chloe moriondo,rock,120,43,75,-7,10,39,178,2,4,57
Save Us,Atreyu,rock,165,82,41,-5,9,39,142,0,7,61
LITTLE GODZ,Holy Wars,rock,84,91,50,-4,42,35,189,1,13,42
Bullets in the Dark (feat. MOD SUN),No Love For The Middle Child,rock,140,92,67,-4,12,95,182,1,5,48
MBO,Love Under The Sun,rock,49,76,22,-7,10,46,202,0,7,33
Queen of the Desert,Grizfolk,rock,120,89,53,-6,18,60,155,0,5,43
Think I'm Crazy,Two Feet,rock,120,80,76,-5,20,78,183,12,6,64
Morningside,Saint Blonde,rock,145,76,63,-6,21,47,206,0,6,32
lost cause// (with grandson),KennyHoopla,rock,116,68,70,-5,9,48,171,0,4,58
Lowkey As Hell,Waterparks,rock,100,82,64,-4,16,43,136,4,7,59
Just Wanna,Troi Irons,rock,118,78,65,-5,24,38,191,0,11,51
Breath of Life,Bemore,rock,193,91,32,-7,13,28,192,0,6,37
Any Way You Wanna Love,Meg Myers,rock,112,83,70,-5,23,19,212,12,4,50
Best Boy,JJ Wilde,rock,92,90,61,-4,11,73,188,5,8,46
Vagabond (feat. Czarface),MISSIO,rock,150,81,61,-7,35,69,230,5,16,48
When It Breaks,Inhaler,rock,146,96,43,-6,19,21,221,0,9,57
Smile,Mourners,rock,95,86,66,-3,7,65,188,7,15,37
Monsters,Foreign Air,rock,90,67,55,-5,11,17,224,1,3,53
See You In Heaven,JunkBunny,rock,118,55,65,-8,4,56,252,0,8,36
Let It Ride,The Blue Stones,rock,128,90,53,-4,27,54,218,0,4,55
Nothing Personal,Des Rocs,rock,85,83,44,-5,13,27,263,2,5,53
Self Saboteur,Kid Kapichi,rock,148,93,29,-3,12,71,178,0,5,40
Invincible (feat. Lindsey Stirling),Escape the Fate,rock,150,90,51,-5,47,35,232,0,4,60
the car,Nightly,rock,106,64,72,-5,14,83,165,29,4,51
Breakdown,Kayzo,rock,180,99,45,-1,7,11,249,2,45,52
"My Way, Soon",Greta Van Fleet,rock,132,94,41,-4,9,44,255,0,6,64
Call Me Crazy,ARXX,rock,75,45,66,-7,10,55,205,34,3,40
4AM,KID BRUNSWICK,rock,62,44,65,-6,15,37,165,6,3,56
Leaves,joe p,rock,133,90,51,-8,13,63,244,1,6,53
Visitor,Of Monsters and Men,rock,82,87,57,-5,12,48,207,0,3,63
Sucker Punch,Dead Emerson,rock,168,72,51,-6,7,61,146,1,4,43
Pillz (The Sky Is Falling),Love Ghost,rock,178,86,42,-5,12,34,156,0,24,45
Wild Child (with Tom Morello),The Struts,rock,156,89,23,-3,37,27,223,0,10,56
I Don't Know Where We Went Wrong,HOKO,rock,160,80,51,-6,12,52,203,2,3,46
Hate Me,Marlo The Barbarian,rock,154,86,56,-6,10,39,190,11,5,43
Undertaker,Moon Fever,rock,118,66,23,-6,30,44,168,0,4,32
I Feel the Transition,The Zolas,rock,99,89,41,-5,43,51,288,0,3,40
Love Spells,POORSTACY,rock,155,89,46,-4,36,53,149,2,3,52
lmho,flor,rock,174,58,44,-6,52,57,222,0,5,53
Just Be Friends,Kulick,rock,166,68,54,-7,8,33,216,8,4,41
Neverlost,The Dumes,rock,151,94,43,-4,7,69,183,1,13,41
Haunting Me,Loveless,rock,159,90,47,-5,19,48,174,0,9,38
pretend,"nothing,nowhere.",rock,160,84,52,-5,35,69,180,2,10,59
Holy Water,Normandie,rock,120,74,63,-5,16,69,226,2,7,51
Archives,Pærish,rock,122,85,41,-3,10,34,198,0,5,41
Alien,Dennis Lloyd,dance & electronic,118,77,71,-5,8,42,139,1,5,80
Weekend,LIZOT,dance & electronic,124,92,68,-6,17,27,133,6,17,76
Praise (feat. Gunna),Tchami,dance & electronic,124,68,74,-10,31,80,210,4,5,67
I Don't Wanna Know,Punctual,dance & electronic,120,83,68,-6,34,75,165,0,5,67
Another Life (feat. Alida),Lucas & Steve,dance & electronic,124,65,54,-6,13,26,212,1,4,67
Space,Becky Hill,dance & electronic,122,81,54,-5,13,31,198,3,6,66
More Than Words (feat. MNEK),Sleepwalkrs,dance & electronic,124,89,67,-5,25,71,167,2,4,66
Astronomia (Never Go Home),Tony Igy,dance & electronic,126,81,70,-5,32,56,157,4,7,65
Need You Now,Armin van Buuren,dance & electronic,125,79,67,-5,10,35,182,1,4,65
All On Me (feat. Zhu),Tchami,dance & electronic,122,66,80,-7,30,32,250,1,8,64
What You Want,Blinkie,dance & electronic,125,72,69,-9,18,51,240,0,8,64
Feel Like I Do,Vin Diesel,dance & electronic,106,70,74,-6,11,48,186,3,4,64
Don't Say Goodbye,Robin M,dance & electronic,123,52,96,-6,7,61,137,14,5,64
I Want It All,Lucas & Steve,dance & electronic,120,73,61,-6,11,48,192,4,4,63
LIES,Steve Aoki,dance & electronic,124,94,70,-6,24,73,167,1,18,63
Heal Me - Biscits Remix,FARR,dance & electronic,126,81,81,-6,68,64,177,5,12,62
All 4 Love (feat. Tasty Lopez),Mark Knight,dance & electronic,124,79,76,-4,41,62,206,2,7,62
NOPUS,Eric Prydz,dance & electronic,127,94,49,-5,12,17,200,0,4,61
Burning,Gorgon City,dance & electronic,124,75,68,-7,12,81,181,18,5,61
For a Feeling (feat. RHODES),CamelPhat,dance & electronic,122,90,64,-8,6,4,296,0,4,61
Unbreakable (feat. Clarence Coffee Jr.),BUNT.,dance & electronic,127,74,44,-3,13,21,239,1,4,61
Water (feat. ZOHARA),KREAM,dance & electronic,122,74,57,-6,21,43,193,1,15,60
Paradise,VIZE,dance & electronic,130,73,88,-4,4,91,156,7,5,60
Nightlight - MOTi Remix,ILLENIUM,dance & electronic,126,77,64,-6,24,39,189,12,6,60
TRUE,STRANGR,dance & electronic,120,69,72,-7,7,57,156,23,14,60
Haunt Me,Kaskade,dance & electronic,122,76,66,-13,14,5,299,18,4,59
Change,TSHA,dance & electronic,122,80,62,-6,23,68,190,83,3,59
High Like This,Yves V,dance & electronic,122,83,82,-5,12,39,169,6,5,59
My Mother Told Me - Vikings Anthem,L.B. One,dance & electronic,140,97,65,-4,26,20,197,1,21,59
Home,Solomun,dance & electronic,120,71,68,-11,18,26,221,1,4,58
Burnin,Petit Biscuit,dance & electronic,114,55,85,-9,8,78,176,4,6,58
Run,Lane 8,dance & electronic,124,80,37,-7,25,23,230,2,4,58
Honesty (Jersey Club Remix),Pink Sweat$,dance & electronic,136,39,87,-11,20,71,131,54,58,58
The Prince,Madeon,dance & electronic,95,78,61,-6,32,30,223,0,4,58
Nights With You,Nicky Romero,dance & electronic,150,75,58,-5,25,61,149,38,5,58
By Your Side,Mike Perry,dance & electronic,123,81,64,-5,9,43,155,3,5,58
KNOW ME (feat. Gallant) - Cassian Remix,BRONSON,dance & electronic,125,90,59,-7,12,4,313,0,3,57
Invincible,Don Diablo,dance & electronic,126,91,60,-3,11,7,206,2,6,57
Follow (with Jeremih) [Dillon Francis Remix],Kito,dance & electronic,125,73,74,-7,4,40,186,1,3,57
Cappadocia,Ben Böhmer,dance & electronic,123,69,35,-9,12,28,282,0,4,57
Harmony,Felix Cartal,dance & electronic,124,88,65,-3,68,37,174,3,4,57
Chains Chilled (with Project 46),Kaskade,dance & electronic,118,82,66,-6,10,13,220,36,10,56
The Original,Dualities,dance & electronic,126,86,67,-5,11,43,174,2,4,56
Children - Edit Mix,Tinlicker,dance & electronic,124,91,64,-9,11,4,246,2,4,55
The Feelings,Boye & Sigvardt,dance & electronic,121,76,81,-7,29,18,185,12,8,55
Love Is Killing Me,BONNIE X CLYDE,dance & electronic,126,87,68,-5,12,37,160,17,6,55
Step It Up (feat. Sharlene Hector),Armand Van Helden,dance & electronic,123,94,76,-3,82,69,194,5,7,55
Sad Songs (feat. L Devine),Route 94,dance & electronic,124,82,70,-5,7,63,192,9,4,54
Pepper Shake,Jamie Jones,dance & electronic,127,90,75,-8,6,30,397,0,4,54
Milavain (African Skies) [with TRESOR & Sam Feldt],JeeCee,dance & electronic,120,88,74,-4,27,53,187,19,16,54
Convo,Coco & Breezy,dance & electronic,120,55,85,-10,11,49,202,30,8,54
Somebody New,TELYKast,dance & electronic,124,81,77,-4,7,31,145,3,3,53
Crawl,Syn Cole,dance & electronic,120,75,63,-6,23,52,196,23,5,53
Mesmerize,Duck Sauce,dance & electronic,126,98,70,-4,9,76,240,4,6,53
Clouds (feat. The Wombats),Whethan,dance & electronic,160,71,57,-6,26,43,168,0,17,53
You're Not Alone,Matt Nash,dance & electronic,124,70,51,-6,17,11,186,0,3,53
Painkiller,Joe Killington,dance & electronic,124,83,66,-4,17,32,174,0,16,53
Sunburn - Reimagined,DROELOE,dance & electronic,106,69,83,-5,11,50,248,1,3,53
Girl,KC Lights,dance & electronic,123,92,63,-8,18,26,159,0,4,53
Tear It Up - Oliver Heldens Remix,Solardo,dance & electronic,125,94,64,-4,23,61,222,1,4,53
Somebody Loves You,Aly & Fila,dance & electronic,140,97,44,-5,30,14,345,0,5,52
The Silence,Ellipso,dance & electronic,128,73,77,-6,23,33,126,6,14,52
You Don't Know,Franky Wah,dance & electronic,130,95,31,-4,52,33,199,16,5,52
Friends In Secret,CRi,dance & electronic,116,65,77,-7,11,47,368,0,5,52
Flex & Pump (with MOTi),BODYWORX,dance & electronic,126,76,76,-6,6,72,140,4,13,52
Nights Like That (feat. Georgia Ku),BUNT.,dance & electronic,110,78,52,-3,10,47,192,0,7,52
Scuff Your Soul,LP Giobbi,dance & electronic,124,86,67,-5,68,30,162,10,4,51
Look Like Me,Niniola,dance & electronic,118,72,83,-6,7,54,286,0,5,51
Indian Summer,EDX,dance & electronic,121,45,75,-6,10,9,200,20,4,51
Mistakes,Sunlike Brothers,dance & electronic,126,70,79,-5,14,37,157,10,5,51
Colours,Mat Zo,dance & electronic,125,81,63,-6,14,11,269,3,10,50
Temper Temper (feat. ONR),Sander van Doorn,dance & electronic,126,79,64,-7,65,40,214,1,5,50
Control - Blinkie Remix,Zoe Wees,dance & electronic,124,88,62,-4,9,40,271,17,4,50
Friends,Niiko x SWAE,dance & electronic,120,76,78,-4,9,45,208,4,5,50
Leave Me Again,BYOR,dance & electronic,125,76,72,-8,37,33,268,0,4,50
If You Never Loved Me,Autograf,dance & electronic,124,61,68,-6,11,11,223,3,4,49
With Me (feat. Sâlo),Bassboy,dance & electronic,128,63,79,-9,15,32,229,16,18,49
Run Away,ARTY,dance & electronic,128,80,55,-4,27,36,170,3,3,49
Don't Stop,KUURO,dance & electronic,180,85,52,-4,14,18,167,0,11,49
I Dream,Sander van Doorn,dance & electronic,128,80,62,-5,10,13,165,4,5,49
Want To Know,Phantoms,dance & electronic,125,73,73,-6,7,62,206,13,5,49
Out Of This World (feat. KiFi),Quintino,dance & electronic,126,89,51,-6,9,27,210,4,6,49
Moonlight,Phantoms,dance & electronic,126,66,74,-6,11,44,225,27,4,48
Rhythm of the Night,Felguk,dance & electronic,124,80,77,-4,15,63,197,2,4,48
Good Day Bad Day,Elohim,dance & electronic,110,60,87,-6,17,74,195,9,9,48
Baby It's You - Kölsch Version,London Grammar,dance & electronic,124,53,45,-11,9,4,236,5,4,48
Ain’t Too Late,Aviella,dance & electronic,110,64,66,-6,33,43,161,55,5,47
everybodysgonnawannadancewithme,Valentino Khan,dance & electronic,125,95,69,-1,19,32,156,0,5,47
Synthesizer (feat. Nathan Ball) - Edit,Faithless,dance & electronic,126,75,68,-9,33,40,198,0,4,47
Cicada,Talla 2XLC,dance & electronic,138,99,39,-7,52,5,210,1,8,47
Work That Body,TooManyLeftHands,dance & electronic,124,91,77,-7,33,70,165,1,7,47
Out Of Touch - Edit,Lastlings,dance & electronic,124,81,65,-6,51,28,213,2,3,46
Let's Play,Sunnery James & Ryan Marciano,dance & electronic,125,90,81,-9,21,73,140,3,14,46
Unattached - Edit,Le Youth,dance & electronic,125,70,68,-8,11,37,252,1,3,46
Naked - (THAT KIND Remix),Hayla,dance & electronic,124,88,71,-5,16,42,252,0,7,46
Still Around,Justin Mylo,dance & electronic,128,75,58,-6,10,48,176,16,4,46
Ara,Effy,dance & electronic,129,97,68,-9,6,43,419,0,3,46
Money Mouth,DJ Sliink,dance & electronic,140,76,66,-7,27,53,129,4,5,45
Green Light,MAKJ,dance & electronic,123,80,74,-5,7,41,164,1,7,45
Resistance,TIBASKO,dance & electronic,127,81,66,-7,15,61,222,0,3,45
I Don't Like Anyone,Kyle Watson,dance & electronic,124,65,78,-7,37,51,198,11,10,45
Work It,Kevin McKay,dance & electronic,125,85,88,-6,11,82,147,0,6,44
Floral Decor,Lstn,dance & electronic,120,72,53,-11,12,4,248,44,4,44
Lazy Love (feat. Ivorian Doll),Lost Girl,dance & electronic,130,88,85,-3,13,87,209,45,16,44
Chance,Codeko,dance & electronic,124,87,68,-6,37,54,206,0,11,44
Suga - David Penn Remix,Technasia,dance & electronic,125,98,80,-4,13,94,183,0,5,44
Upswing,Alex Metric,dance & electronic,121,84,74,-6,6,70,353,47,4,44
Take Me High,Marten Hørger,dance & electronic,125,85,83,-6,23,67,205,2,9,44
Walk Through Walls,HALIENE,dance & electronic,87,72,29,-4,13,16,229,24,6,43
Turn Me Down,Markus Schulz,dance & electronic,128,54,46,-7,10,10,203,5,4,43
Restart,DLMT,dance & electronic,124,91,87,-5,7,79,153,32,10,43
Sinner - Mathame Remix,Monolink,dance & electronic,123,66,76,-8,24,40,404,0,5,42
What You Do,Blinkie,dance & electronic,123,60,76,-8,10,47,222,1,5,42
Somebody,Steve Brian,dance & electronic,126,74,56,-5,42,34,218,29,4,42
Revolution - Klanga Remix,Nora Van Elken,dance & electronic,115,84,45,-5,17,54,170,27,5,42
History,French Original,dance & electronic,117,73,67,-10,28,58,153,1,23,42
Lyfe Lyne,Moguai,dance & electronic,126,69,65,-5,9,24,417,0,4,42
Lean,Aviella,dance & electronic,100,80,71,-4,16,34,196,7,4,41
Okapi,Oscar House,dance & electronic,124,64,79,-11,50,8,168,4,6,41
WHY,The BreakBomb Project,dance & electronic,124,70,67,-5,18,20,174,2,4,41
Rainbow,Deerock,dance & electronic,126,62,63,-7,15,35,158,34,8,41
Gold (Diviners Remix),Silience,dance & electronic,122,73,68,-6,11,19,197,20,3,41
Easier,Taska Black,dance & electronic,120,66,43,-6,25,41,217,6,6,40
Music Is The Answer,J090,dance & electronic,126,93,66,-5,35,76,142,3,6,40
Angelina,Sevenn,dance & electronic,124,84,71,-4,18,26,190,16,21,40
Sun in Her Eyes,Nico de Andrea,dance & electronic,120,76,64,-9,12,43,213,0,3,40
We All Move Together - Kevin Saunderson x Latroit Remix,Inner City,dance & electronic,126,85,74,-5,67,66,200,0,6,39
Sister,TSHA,dance & electronic,120,78,63,-7,16,40,269,1,3,39
Fearless,Orjan Nilsen,dance & electronic,126,85,62,-4,63,18,162,2,7,39
Now Ya Know,J. Worra,dance & electronic,124,62,77,-7,8,56,219,5,8,39
In The Mode (feat. FUEG),Fresh Mode,dance & electronic,124,93,73,-5,29,55,184,4,8,39
Keep Pumping It Up,Todd Terry,dance & electronic,125,91,83,-7,14,47,216,0,5,38
Way Too Loud,tyDi,dance & electronic,120,91,67,-4,14,42,166,1,6,38
Artemi,Mary Mesk,dance & electronic,126,96,67,-7,18,49,310,1,4,38
Never Be the Same,Martina Budde,dance & electronic,125,97,80,-4,28,97,290,1,4,38
My Boy - Huxley's 'Head in the Clouds' Remix,R Plus,dance & electronic,124,73,66,-6,12,54,342,0,3,38
Arizona,Le Youth,dance & electronic,122,58,68,-11,11,50,270,2,4,37
House or Techno,Herc Deeman,dance & electronic,126,95,74,-5,17,38,178,1,14,36
Like I Don't Exist,Nicky Night Time,dance & electronic,128,93,68,-6,8,36,196,0,4,36
WAIT,Krystal Roxx,dance & electronic,124,77,71,-11,47,19,191,1,6,35
Creme Brulee (Boiish Remix),VenessaMichaels,dance & electronic,123,83,81,-7,7,63,191,0,4,35
See the World,Sansixto,dance & electronic,124,95,72,-5,31,54,224,0,7,35
Every Night (with Able Faces),Mordkey,dance & electronic,123,59,71,-7,14,18,201,11,6,35
Rush,Hotel Garuda,dance & electronic,122,76,70,-7,10,42,307,1,6,34
Hemlock,La+ch,dance & electronic,140,48,61,-9,6,33,110,0,7,34
Rhythm in My Brain - Biscuit Cut,Mason,dance & electronic,124,89,74,-7,5,22,229,1,9,31
Pianissimo,Andrea Bocelli,classical,127,17,30,-15,11,20,268,97,4,52
"Song Without Words, Op. 109",Felix Mendelssohn,classical,71,7,14,-23,10,10,255,99,4,48
La Vernatelle,RIOPY,classical,181,20,16,-18,10,15,170,97,3,44
Sonder,Niall Byrne,classical,137,0,34,-36,9,20,138,99,4,41
El Amor Brujo: VIII. Danza Ritual del Fuego,Manuel de Falla,classical,81,21,34,-16,7,15,212,95,4,41
"Piano Sonata No. 28 in A Major, Op. 101: I. Etwas lebhaft und mit der innigsten Empfindung. Allegretto ma non troppo",Ludwig van Beethoven,classical,73,1,49,-30,10,7,245,99,7,40
"Gabriel's Oboe (from ""The Mission"")",Ennio Morricone,classical,91,21,18,-14,8,5,216,98,4,39
"Fossils (From the ""Ammonite"" Soundtrack)",Dustin O'Halloran,classical,136,5,31,-23,9,10,340,96,4,38
Nouveau-Né (Re-Imagined),Phoria,classical,79,7,42,-28,9,11,201,99,4,38
Entering (Reprise),Library Tapes,classical,172,1,41,-33,10,6,148,99,4,38
You've Got A Friend,Jess Gillam,classical,97,12,50,-11,11,23,219,95,3,36
Doug,Lambert,classical,127,8,29,-29,10,56,114,100,5,36
"Piano Sonata No. 8 in B Flat Major, Op. 84: II. Andante sognando",Sergei Prokofiev,classical,61,1,23,-37,16,10,260,99,4,36
Berlin,Sofiane Pamart,classical,126,12,49,-20,11,6,146,97,4,36
"Sonatina for Clarinet and Piano: II. Lento, quasi andante",Joseph Horovitz,classical,125,1,25,-21,8,7,229,99,5,35
You've Got The Love (arr. piano),Music Lab Collective,classical,112,5,39,-24,14,18,182,99,5,35
"Trumpet Concerto in E-Flat Major, Hob.VIIe:1: III. Finale. Allegro",Franz Joseph Haydn,classical,139,19,49,-19,5,21,277,95,5,34
"Christ on the Mount of Olives (Christus Am Ölberge), Op. 85: No. 1a. Introduzione. Grave - Adagio",Ludwig van Beethoven,classical,72,1,7,-30,10,4,297,96,4,34
"Saint-Saëns: Violin Sonata No. 1 in D Minor, Op. 75: II. Allegro molto",Camille Saint-Saëns,classical,158,23,39,-18,11,48,371,95,4,34
Prelude for Mandolin Solo,Giovanni Sollima,classical,114,24,44,-18,5,28,255,85,8,33
Whispers,Muriël Bostdorp,classical,103,9,23,-21,10,18,171,95,4,33
"Petrushka (Ballet), K 12: I. The Shrovetide Fair - 1911 version",Igor Stravinsky,classical,142,26,36,-15,21,15,325,98,5,32
"Beethoven: Piano Concerto No. 4 in G Major, Op. 58: III. Rondo (Vivace)",Ludwig van Beethoven,classical,70,14,33,-22,5,19,594,95,3,32
Scarborough Fair,Leo Z,classical,116,20,41,-13,11,12,227,93,3,32
Tanabata (A Tale of Two Stars),Hiroko Murakami,classical,67,8,49,-29,9,6,152,99,6,32
Harmonie arrangée de Sonate Pathétique: II. Adagio cantabile,Ludwig van Beethoven,classical,110,1,17,-29,8,4,273,99,4,31
II. Allegretto,Franz Schubert,classical,77,1,33,-27,7,19,267,84,4,31
"Piano Trio in E-Flat Major, Op. 100, D. 929: III. Scherzando. Allegro moderato",Franz Schubert,classical,90,8,34,-23,27,27,414,99,4,31
Oltre - The Shape Of Piano To Come Vol. I,Emiliano Blangero,classical,78,11,31,-19,10,12,289,97,5,31
"Etude-tableaux, Op. 39: No. 2",Sergei Rachmaninoff,classical,72,2,21,-25,7,6,478,99,4,30
"Fantasiestücke, Op. 12: II. Aufschwung",Robert Schumann,classical,147,12,32,-21,10,10,225,99,3,30
"Piano Trio in A Minor, Op. 150: I. Allegro",Amy Beach,classical,116,14,21,-19,8,4,267,98,4,30
"Cantiones sacrae: No. 1: Herr, wie lang wiltu mein sogar vergessen, SSWV 1",Samuel Scheidt,classical,93,5,12,-22,10,11,158,93,4,30
Cisternino,Melissa Parmenter,classical,100,4,22,-21,10,4,270,98,4,29
"Piano Trio No. 2 in E-flat major, Op. 100, D. 929: II. Andante con moto",Franz Schubert,classical,83,7,25,-17,10,6,619,97,4,29
"Siete Canciones Populares Españolas: No. 1, El Pano Moruno",Manuel de Falla,classical,103,15,51,-15,11,39,79,98,4,29
Lux Aurumque - Live,Eric Whitacre,classical,125,11,17,-23,11,3,236,98,4,29
Roma,Henry Gadacz,classical,129,9,51,-23,11,22,174,97,4,29
"Breath of the Wild Main Theme (From ""The Legend of Zelda: Breath of the Wild"") [Solo Piano Version]",Laura Platt,classical,103,12,44,-21,19,5,122,97,5,29
"Piano Sonata No. 17 in B-Flat Major, K. 570: III. Allegretto",Wolfgang Amadeus Mozart,classical,141,23,39,-22,10,71,225,99,4,28
Into The Dust,SWANN,classical,66,22,17,-17,13,4,164,86,4,28
Fading Light,Austin Kleyn,classical,78,8,16,-23,11,4,256,94,4,28
"Piano Sonata in A Major, D. 664: II. Andante",Franz Schubert,classical,130,0,35,-37,8,4,313,99,5,28
The Book of Grief and Joy: I,Nastasia Khrustcheva,classical,83,33,69,-18,10,53,192,97,7,28
I trionfi del fato: E l'honor stella tiranna,Agostino Steffani,classical,130,48,64,-15,12,74,122,97,5,28
"Die Weihe des Hauses, Op. 124: I. Overture - Live",Ludwig van Beethoven,classical,126,28,34,-18,11,27,675,91,4,28
"English Songs, HWV 228: No.4, Bacchus",George Frideric Handel,classical,137,5,36,-24,25,50,220,87,5,28
Ecce Homo,Jøsefine,classical,77,0,29,-29,10,30,108,99,4,28
Limbo,Eric Christian,classical,75,2,57,-16,7,18,246,99,6,28
"Sylvia, ou la nymphe de Diane (Excerpts): Strette. Galop",Léo Delibes,classical,82,19,56,-22,9,58,147,97,7,27
"Concerti di camera, Op. 1, No. 2: III. Passepied & Trio",Francesco Venturini,classical,107,28,51,-14,24,52,160,92,3,27
"Inviolata, integra et casta es: II. Nostra ut pura pectora",Josquin des Prez,classical,68,2,58,-27,8,27,160,100,6,27
"Pastorale variée, Op. 31b: Var. 6, Epilogue. Molto calmo e misterioso",Paul Ben-Haim,classical,88,1,19,-27,8,6,315,96,5,27
"Requiem aeternam (from Nimrod, Enigma Variations, Op. 36)",Edward Elgar,classical,141,19,15,-18,10,3,196,98,3,27
Inside,Su Jung Moon,classical,115,4,41,-31,9,13,121,99,4,27
Partia VII in C Minor: VII. Arietta variata,Heinrich Ignaz Franz von Biber,classical,96,13,22,-20,10,25,357,84,4,27
Eastern Sea (Piano Sonata),Jordan Critz,classical,124,2,49,-30,8,5,233,96,4,27
Honeybee,The Head and the Heart,folk & acoustic,136,52,64,-8,55,49,196,12,4,74
Can I Believe You,Fleet Foxes,folk & acoustic,77,76,51,-8,14,60,244,35,3,70
San Luis,Gregory Alan Isakov,folk & acoustic,82,43,57,-13,12,25,272,86,3,68
Front Porch,Joy Williams,folk & acoustic,124,22,57,-10,11,20,232,89,3,66
I Don't Mind,Sturgill Simpson,folk & acoustic,89,48,60,-8,9,42,270,60,3,64
Real Estate,Adam Melchor,folk & acoustic,80,28,49,-13,15,20,216,95,3,64
Siren Song,The Brother Brothers,folk & acoustic,78,16,54,-13,11,25,184,99,3,64
For All You Give (feat. Lucy Rose),The Paper Kites,folk & acoustic,139,14,50,-17,11,35,191,96,4,63
I Forget Myself (feat. Darlingside),Henry Jamison,folk & acoustic,142,19,58,-12,8,34,212,87,3,63
Shrike,Hozier,folk & acoustic,154,28,51,-8,10,6,299,49,3,63
Turntable,Dead Horses,folk & acoustic,95,57,60,-10,12,67,196,81,3,63
"Fall, Fall, Fall",Caamp,folk & acoustic,117,15,57,-13,11,22,281,91,5,62
Warped Window,Anna Mieke,folk & acoustic,67,5,41,-16,11,17,295,93,5,62
Savior Complex,Phoebe Bridgers,folk & acoustic,129,44,37,-12,11,22,242,93,3,61
I Was Born To Love You,Ray LaMontagne,folk & acoustic,78,24,66,-13,21,22,252,84,3,61
Begin Again,Nick Mulvey,folk & acoustic,102,57,68,-9,8,57,275,81,3,61
You Sigh,Charlie Cunningham,folk & acoustic,91,45,63,-10,14,68,179,85,3,61
Deep In Love,Bonny Light Horseman,folk & acoustic,112,56,62,-8,12,34,309,60,3,61
And It's Still Alright,Nathaniel Rateliff,folk & acoustic,78,49,52,-9,12,30,236,69,3,61
Officer of Love,Caamp,folk & acoustic,109,57,66,-9,12,95,240,30,3,60
Call Me When You Land,Old Sea Brigade,folk & acoustic,116,49,69,-10,43,57,288,45,3,60
Opaline,Novo Amor,folk & acoustic,182,34,37,-10,9,28,192,96,3,60
Lemon [Feat. Sharon Van Etten],Local Natives,folk & acoustic,131,28,61,-9,12,30,198,90,3,59
Whiskey Whiskey,Joshua Burnside,folk & acoustic,111,23,50,-15,11,34,170,95,3,59
Salt And The Sea,The Lumineers,folk & acoustic,93,31,63,-9,13,7,271,70,3,59
Victory,The Avett Brothers,folk & acoustic,135,19,62,-11,11,29,233,95,3,59
You Were,Field Guide,folk & acoustic,82,57,64,-13,6,61,194,32,6,58
How Lucky,Kurt Vile,folk & acoustic,171,44,52,-10,37,49,203,47,3,58
when i look at you.,Rosie Carney,folk & acoustic,110,25,55,-12,14,10,233,70,3,58
Grow into Love,Half Moon Run,folk & acoustic,96,53,64,-9,11,36,162,28,3,57
Going In,Wild Child,folk & acoustic,144,29,68,-11,10,49,161,74,4,57
Held Down,Laura Marling,folk & acoustic,79,49,49,-8,35,40,248,17,3,57
anything,Adrianne Lenker,folk & acoustic,84,29,39,-13,9,51,202,77,4,57
The Swimmer (To Be an Old Man),Rose Cousins,folk & acoustic,88,26,35,-12,12,18,248,91,3,57
Backbone,KALEO,folk & acoustic,128,31,54,-10,19,12,233,48,3,57
Dreamsicle,Jason Isbell and the 400 Unit,folk & acoustic,97,55,53,-7,25,49,224,16,2,56
Don't Let Me Disappear,Ben Harper,folk & acoustic,140,47,49,-12,16,5,265,36,3,56
There's A Place,Roo Panes,folk & acoustic,131,36,41,-14,9,21,368,53,3,56
FTA,Whitney,folk & acoustic,92,46,55,-12,27,33,148,90,3,56
Time Stands,Nathaniel Rateliff,folk & acoustic,102,39,35,-9,13,27,233,56,5,55
Ocean Bed,Darlingside,folk & acoustic,161,80,60,-7,9,69,240,9,4,55
Love Is Everywhere (Beware),Wilco,folk & acoustic,144,52,31,-9,10,51,213,12,3,55
Untitled #4,The Avett Brothers,folk & acoustic,147,47,60,-8,11,60,244,83,3,54
Rubber,Ruston Kelly,folk & acoustic,130,50,55,-9,10,15,198,62,3,54
Let It Rain,Joshua Hyslop,folk & acoustic,135,44,63,-10,15,35,257,41,3,54
Resin,Dustin Tebbutt,folk & acoustic,83,37,26,-13,12,20,204,90,3,54
Seeing Other People,Donovan Woods,folk & acoustic,77,45,43,-10,10,35,186,72,4,53
Good Woman,The Staves,folk & acoustic,100,35,63,-13,12,12,198,43,3,53
Lockdown On Date Night Tuesday,Ondara,folk & acoustic,121,34,49,-9,26,14,304,73,3,53
Who Do You Think You're Talking To?,Dawes,folk & acoustic,152,54,47,-7,10,53,199,3,5,53
Samara,Blanco White,folk & acoustic,108,59,37,-11,8,14,256,61,5,53
I Won't Run From It,Big Red Machine,folk & acoustic,95,72,62,-8,15,68,219,70,3,53
Ballad Of A Young Troubadour,Julian Taylor,folk & acoustic,130,51,53,-10,11,71,336,12,3,53
Your Body,Mipso,folk & acoustic,96,47,76,-9,7,34,204,73,3,52
Johnny,Sarah Jarosz,folk & acoustic,99,49,65,-9,12,25,240,42,3,52
House Fire (feat. The Travelin' McCourys),Tyler Childers,folk & acoustic,122,50,45,-10,26,74,215,47,3,52
Barbaro,Barbaro,folk & acoustic,109,33,47,-11,10,36,206,66,3,52
Side Effects,Joseph,folk & acoustic,141,32,69,-10,11,32,223,76,3,52
Losing You,Flyte,folk & acoustic,142,69,62,-8,11,91,207,34,3,51
A Song for the Drunk and Broken Hearted,Passenger,folk & acoustic,136,74,57,-9,15,77,239,22,3,51
Distant Axis,Matt Berninger,folk & acoustic,120,47,61,-10,10,10,265,48,3,51
Adeline (feat. Kathleen),John-Robert,folk & acoustic,126,40,39,-10,9,18,229,78,3,51
I'll Be Gone,The Milk Carton Kids,folk & acoustic,114,45,59,-10,12,20,145,86,3,51
Our Remains - Acoustic,Beta Radio,folk & acoustic,99,25,64,-15,12,19,227,89,3,51
Keep 'Em on They Toes,Brent Cobb,folk & acoustic,148,17,73,-12,11,47,164,74,5,50
Fool,Mick Flannery,folk & acoustic,90,56,37,-7,21,28,217,34,4,50
Hollow,Belle Mt.,folk & acoustic,186,54,41,-7,17,14,219,18,6,49
Are You Listening?,Lera Lynn,folk & acoustic,115,68,67,-7,9,75,198,68,3,49
Guess Again,Jeff Tweedy,folk & acoustic,123,66,65,-6,11,51,197,5,3,49
The Friary,David Keenan,folk & acoustic,95,33,59,-8,11,39,250,78,5,49
Look The Other Way,Katie Pruitt,folk & acoustic,131,61,59,-7,12,37,230,0,4,48
Hungry Heart,Josh Teskey,folk & acoustic,123,20,68,-10,9,54,201,84,4,48
Heartache After Heartache,Thomas Csorba,folk & acoustic,91,46,60,-10,11,26,255,33,3,48
Five More Minutes,The War and Treaty,folk & acoustic,98,55,61,-8,10,30,224,0,3,48
Too Late Babe,The Lowest Pair,folk & acoustic,169,68,37,-8,14,25,289,14,4,48
Like An Eagle,Mighty Oaks,folk & acoustic,82,51,56,-11,11,33,250,34,3,48
Hey Larocco,Rayland Baxter,folk & acoustic,140,77,47,-6,10,63,270,15,5,48
I Knew I Could Fly,Our Native Daughters,folk & acoustic,167,25,54,-17,11,86,222,85,3,47
Morning,William Wild,folk & acoustic,142,39,38,-11,11,29,263,88,3,47
The Roving,Bonny Light Horseman,folk & acoustic,138,45,54,-7,11,57,261,58,3,46
Options Open,Kathleen Edwards,folk & acoustic,127,89,60,-5,9,56,228,10,4,45
Eight,Haux,folk & acoustic,114,25,52,-13,18,29,170,65,4,44
Coming to Get You Nowhere,This Is The Kit,folk & acoustic,95,52,69,-11,15,87,200,90,4,44
Under the Concrete,Joshua Burnside,folk & acoustic,99,39,43,-10,17,30,206,71,6,43
Déjá Vu - Radio Edit,The Dead Tongues,folk & acoustic,125,35,56,-10,23,53,263,16,3,43
Don't Call Me Names,Rhiannon Giddens,folk & acoustic,76,50,75,-7,12,54,301,57,9,43
Kitchen Table,Molly Parden,folk & acoustic,133,35,59,-10,12,36,209,79,3,41
Gospel First Nation,William Prince,folk & acoustic,102,37,57,-8,9,36,243,63,3,41
Wasted,Tomberlin,folk & acoustic,93,56,77,-10,14,70,149,42,4,41
The Way I Talk,S.G. Goodman,folk & acoustic,164,43,60,-9,28,34,218,23,3,41
How Come You Call Me,Libby Rodenbough,folk & acoustic,84,30,63,-12,10,40,230,36,3,40
Millennial,Aisha Badru,folk & acoustic,125,10,59,-18,10,22,173,87,4,40
Lost in the Country,Trace Mountains,folk & acoustic,132,63,68,-7,22,66,323,13,3,40
A Folk Singer From Outer Space,Tom West,folk & acoustic,131,41,71,-9,13,48,250,39,3,39
If I Told,Courtney Marie Andrews,folk & acoustic,80,22,28,-15,10,30,298,84,4,39
Where Did You Sleep Last Night,Jake Blount,folk & acoustic,102,32,42,-9,14,39,237,72,3,38
Saint Elizabeth,Kaia Kater,folk & acoustic,116,28,52,-12,8,40,239,93,4,38
Alice Hyatt,Damien Jurado,folk & acoustic,102,26,72,-16,9,30,163,75,3,37
Justine,Kirby Brown,folk & acoustic,80,25,41,-11,12,25,235,86,3,37
Occasionally,Lydia Luce,folk & acoustic,78,29,46,-13,18,19,195,55,3,35
She Just Don't Care,Sunny War,folk & acoustic,111,15,71,-18,10,23,181,92,4,34
How Can I,Axel Flóvent,folk & acoustic,68,21,28,-14,9,8,257,69,3,22
The Valley of The Pagans (feat. Beck),Gorillaz,indie,130,86,75,-6,12,94,181,8,5,71
Lost in Translation,The Neighbourhood,indie,105,89,57,-6,36,52,190,0,4,69
Before,James Blake,indie,111,46,70,-9,32,28,288,39,7,67
Virtual Aerobics,Wallows,indie,110,55,78,-4,4,72,122,18,3,66
Want U Around (feat. Ruel),Omar Apollo,indie,144,44,57,-7,10,62,248,30,5,65
Green Eyes,Arlo Parks,indie,88,75,62,-7,43,86,198,32,6,64
wachito rico,boy pablo,indie,123,75,70,-9,10,97,214,3,5,63
Sharpener,Cavetown,indie,106,41,67,-11,12,27,238,68,3,63
Low,Chet Faker,indie,80,53,65,-9,16,57,274,13,6,63
Loom (feat. Bonobo),Ólafur Arnalds,indie,157,18,55,-21,7,31,227,99,3,62
Interstellar Love (feat. Leon Bridges),The Avalanches,indie,116,83,45,-7,65,27,219,39,11,61
Take Me Where Your Heart Is,Q,indie,90,43,86,-9,10,42,193,1,4,61
Jeanie (feat. Bon Iver),Jim-E Stack,indie,162,85,67,-6,6,63,168,5,6,61
Faith Healer,Julien Baker,indie,156,62,41,-7,13,41,175,18,3,60
Dig What You Dug,Wallows,indie,121,75,62,-4,16,63,178,1,8,60
Together,beabadoobee,indie,127,84,60,-5,6,28,200,0,3,60
Care For You,The Marías,indie,110,41,88,-9,32,87,156,82,6,60
Straight To The Morning,Hot Chip,indie,122,85,69,-6,42,79,200,0,15,59
Triple Double,Jean Dawson,indie,122,84,56,-4,68,48,223,27,6,59
Californian Soil,London Grammar,indie,84,58,57,-7,10,18,221,15,4,59
Outside,Oliver Malcolm,indie,77,39,75,-10,50,64,138,77,8,59
1st Time,Bakar,indie,123,72,80,-7,19,76,182,9,4,58
Black Rain,Rhye,indie,112,45,86,-9,15,71,231,13,3,58
Lost,Local Natives,indie,78,55,60,-8,9,50,236,59,5,58
Oh No,Biig Piig,indie,166,41,70,-9,11,38,165,41,14,58
For Sure,Future Islands,indie,135,76,58,-6,8,78,205,5,3,58
Miracle of Life,Bright Eyes,indie,93,58,53,-9,11,58,217,26,3,57
zombie girl,Adrianne Lenker,indie,128,10,54,-19,14,38,164,91,5,57
Silver Springs (Feat. Gail Ann Dorsey),Matt Berninger,indie,73,20,32,-11,11,17,233,92,5,57
Kate's Not Here - Day Wave & Lawrence Rothman Remix,Lawrence Rothman,indie,148,87,48,-5,25,37,187,0,3,57
How Was Your Day?,beabadoobee,indie,85,39,35,-13,34,17,260,93,3,57
Lucky Sue,Men I Trust,indie,142,27,82,-15,9,50,220,83,7,57
Can We (with Kacy Hill),Jim-E Stack,indie,95,61,80,-5,11,52,171,17,3,56
bop it up!,The Marías,indie,82,47,75,-8,17,17,167,45,4,56
Unfold You,Rostam,indie,75,42,57,-8,31,40,235,60,4,56
UNBOUND,MICHELLE,indie,166,64,74,-6,22,73,162,35,8,56
No Nightmares,Oneohtrix Point Never,indie,150,47,42,-10,26,10,246,16,3,55
Moving Men,Myd,indie,125,66,82,-8,28,70,168,11,10,55
Rolled Up,Benny Sings,indie,174,49,79,-11,12,42,182,73,22,55
Let Go,Sharon Van Etten,indie,113,60,34,-8,19,14,282,1,3,55
Gold,Claud,indie,122,58,91,-8,10,95,200,12,4,55
Valley,Kevin Morby,indie,80,57,59,-6,13,50,245,60,2,55
Does It Make You Feel Good?,Joesef,indie,120,73,63,-9,35,83,183,18,3,55
Long Road Home,Oneohtrix Point Never,indie,77,59,47,-7,11,38,212,33,4,55
The Great Divide,The Shins,indie,172,89,34,-5,9,20,240,0,5,55
Didn't Make It,Charli Adams,indie,118,73,66,-6,11,56,232,8,6,54
I Don't Know,Sjowgren,indie,112,74,67,-8,37,96,195,1,3,54
Steeeam,Shelly,indie,120,76,82,-11,12,92,171,55,4,53
Don't Cry,MorMor,indie,165,94,51,-6,7,18,203,8,12,53
It Might Take a Woman,Girlhood,indie,103,86,59,-5,28,27,191,0,3,53
Wonder (feat. Still Woozy and MTMBO),Billy Lemos,indie,100,70,70,-9,11,45,139,23,9,53
I Miss That,Porches,indie,83,82,62,-6,13,85,159,5,4,52
Baby Baby,Sports,indie,153,68,77,-5,4,83,182,16,3,51
Superstar,Tennis,indie,98,63,59,-5,27,53,175,22,3,51
You Got A Man,JAWNY,indie,115,82,78,-5,30,74,150,11,4,50
Keep Going,This Is The Kit,indie,120,44,46,-14,11,57,399,85,5,50
Every Time Around,Vansire,indie,111,56,74,-8,11,72,216,23,3,50
Candlelight,Sunset Rollercoaster,indie,73,39,67,-7,8,31,198,64,3,50
Freeway,Briston Maroney,indie,80,55,57,-10,16,59,251,3,4,49
Track,Slow Pulp,indie,165,67,43,-8,20,53,214,2,3,49
Lotta Love,Helado Negro,indie,94,66,69,-10,10,20,198,78,4,48
On the Lookout (feat. Raffaella),NEIL FRANCES,indie,105,66,79,-7,9,58,230,20,5,48
Isabella (with Lucy Dacus),Hamilton Leithauser,indie,84,57,51,-5,11,54,253,46,3,48
BITE,Baird,indie,82,49,68,-7,12,67,161,60,7,47
Change Your Mind,Miloe,indie,108,52,90,-6,12,59,157,26,3,47
Tampa,Small Black,indie,93,67,53,-7,7,13,313,5,2,47
Apple Eyes,Porsh Bet$,indie,204,61,62,-6,21,91,131,36,8,47
Average Joe,Oscar Scheller,indie,124,67,73,-4,32,70,197,6,5,47
Searching Spirit,Dirty Projectors,indie,80,76,61,-5,20,94,154,34,5,46
crawling in my skin - Actress Remix,Soccer Mommy,indie,121,85,43,-8,16,44,268,13,42,46
"Nothing Much Has Changed, I Don't Feel The Same",Daniela Andrade,indie,64,64,47,-8,14,49,94,18,5,46
Crash,Nilüfer Yanya,indie,92,81,56,-6,19,56,226,6,9,45
Wrath,Sir Chloe,indie,81,48,46,-6,18,40,143,44,3,45
Picture Book,Postcard Boy,indie,105,61,68,-10,34,47,173,39,5,45
Floor,Tomberlin,indie,96,42,48,-9,11,24,274,16,3,45
Diet,Shamir,indie,120,70,65,-7,40,70,197,0,5,45
National Song,Nana Adjoa,indie,118,42,54,-10,12,6,266,5,3,45
Waiting,Yb.,indie,118,71,75,-8,16,77,160,0,4,44
Saturday Nights,Weston Estate,indie,172,75,57,-7,10,63,151,70,8,44
Head Down,Ambar Lucid,indie,100,66,69,-4,20,37,256,27,3,43
"to Perth, before the border closes",Julia Jacklin,indie,96,27,59,-12,11,23,177,30,3,43
Best I Ever Had,LAUREL,indie,106,74,72,-6,7,62,244,35,4,43
Nominated,Ginger Root,indie,122,69,82,-6,10,71,211,55,4,42
Frontlawn,AVIV,indie,122,61,46,-8,10,41,153,9,4,42
Static,Knox Fortune,indie,146,59,68,-7,18,75,244,1,4,41
Shattering The Hourglass,Deep Sea Diver,indie,123,36,34,-9,10,12,292,22,3,41
Hearts and Flowers,Ralph Castelli,indie,150,43,57,-10,10,47,198,33,3,41
Hard to Explain,Blood Cultures,indie,130,54,47,-10,18,72,175,3,3,41
I Guess This is Life,Jordana,indie,92,54,64,-7,11,32,212,26,3,40
Under the Skin,Sunset Rollercoaster,indie,93,46,75,-12,10,66,227,18,3,40
Free to Live in Colour,Pixey,indie,116,74,55,-6,13,66,194,10,4,40
Postcard from Spain,Quarter-Life Crisis,indie,150,35,51,-8,11,7,209,13,3,40
"I Love You Why Would I Ever Leave? (Oh Right, and I'm Pretty High)",Wa'el,indie,110,73,65,-11,9,21,354,2,3,40
Waterfall,Quarter-Life Crisis,indie,100,65,75,-8,9,98,143,5,3,39
Beluga Baby,Baird,indie,170,70,74,-7,12,73,161,39,7,39
giant bat,WENS,indie,122,30,70,-13,18,75,155,93,5,37
Fever Sweat,Girlhood,indie,85,65,66,-6,33,56,187,1,5,37
"I'll Do Anything but Break Dance for Ya, Darling",Kate Davis,indie,118,30,66,-9,12,19,241,55,3,37
"Dear Diary,",Bring Me The Horizon,metal,118,97,51,-4,13,26,165,0,19,71
Animals,Architects,metal,95,76,53,-4,7,29,244,0,3,71
SLEEPS SOCIETY,While She Sleeps,metal,85,95,22,-4,31,32,201,0,23,63
The Triumph of King Freak (A Crypt of Preservation and Superstition),Rob Zombie,metal,100,92,55,-5,8,38,247,0,6,58
Midnight Train,The Amity Affliction,metal,132,89,55,-6,10,38,197,0,4,57
Abyss of Time - Countdown to Singularity -,Epica,metal,140,93,44,-7,30,24,320,0,7,55
Fire in the Streets,Our Last Night,metal,138,90,53,-3,8,44,177,0,7,54
To the Light - Japanese Bonus Track,Imminence,metal,75,95,36,-5,31,21,218,0,6,54
Killing Season,Thy Art Is Murder,metal,140,97,32,-3,35,22,212,0,21,53
Antagonist,Soen,metal,108,97,48,-4,38,40,362,0,5,53
The Nothingness and the Devil,Soilwork,metal,143,96,39,-5,35,16,336,0,7,51
Killing What's Underneath,Like Moths To Flames,metal,145,97,44,-3,24,72,195,0,8,50
Instinctive (Slaughterlust),Hatebreed,metal,93,97,57,-5,50,24,172,0,9,50
Any Second,Written by Wolves,metal,97,87,47,-8,10,31,215,6,6,49
The Chain,Black Stone Cherry,metal,102,94,60,-3,34,67,207,0,3,48
Pernicious,Signs of the Swarm,metal,105,99,42,-2,6,8,315,0,13,48
Lock & Key,Intervals,metal,105,97,56,-6,31,60,296,0,10,48
Dream Gone Bad,Killer Be Killed,metal,110,99,30,-3,34,21,255,0,13,48
"I, Pallbearer",Harakiri for the Sky,metal,150,96,40,-8,11,30,422,0,8,48
Leväluhta,Korpiklaani,metal,175,94,50,-5,33,88,230,0,7,47
Divide,Assume Nothing,metal,101,95,42,-7,12,24,193,0,6,47
The Notebook,Wildways,metal,114,98,49,-5,29,39,259,0,7,46
Never Healing,ENMY,metal,98,89,43,-5,11,16,227,0,6,46
Eastern Lights,A Scent Like Wolves,metal,140,99,49,-4,37,47,198,0,12,46
Power of the High,Cane Hill,metal,145,97,42,-4,6,17,205,0,18,45
Bottom of a Bottle,Butcher Babies,metal,91,97,53,-3,34,51,200,0,8,45
Am I Evil?,Diamond Head,metal,148,97,24,-5,12,37,505,0,15,45
Don't Wake Me Up,dEMOTIONAL,metal,150,97,43,-5,26,37,186,0,10,45
Shameless,VRSTY,metal,121,92,62,-4,33,37,215,0,5,45
Black Heart,Within The Ruins,metal,145,100,41,-3,34,9,276,0,22,44
Kvitravn,Wardruna,metal,62,66,39,-6,60,23,378,6,3,44
Zombieland,Hämatom,metal,160,98,50,-4,16,28,235,0,8,43
Out of Existence,Emma Ruth Rundle,metal,85,67,19,-8,13,23,223,0,3,43
(A)tension,Versus Me,metal,140,97,46,-3,57,45,224,0,15,43
Red Queen,King 810,metal,164,98,47,-3,17,40,243,0,17,42
The Gift,Daniel Tompkins,metal,123,91,28,-6,24,22,233,0,6,42
Bite My Tongue,Phil Campbell and the Bastard Sons,metal,106,95,53,-5,32,64,187,0,4,42
Slaughtered in Soho,Carcass,metal,80,90,36,-7,14,55,278,0,8,41
Better Days,Speaking With Ghosts,metal,140,98,53,-5,23,30,204,0,9,41
Miserable Summer,To The Grave,metal,138,82,42,-8,9,27,295,0,4,41
Red Shade,IMMERSE,metal,160,91,44,-6,39,38,227,0,5,41
The World Is Burning,Ember Falls,metal,150,95,42,-7,43,56,252,0,10,41
Hypocrites / Habla Español O Muere,Mr. Bungle,metal,138,96,24,-6,15,17,223,0,16,40
Party’s Over,Employed To Serve,metal,145,92,44,-6,41,78,229,0,11,40
I Don't Want to Be Afraid Anymore,Prison,metal,144,96,44,-2,34,35,172,0,22,40
Dancing in Hell,Eleine,metal,85,96,22,-7,7,26,307,0,12,39
Missile to Gun,Armored Saint,metal,114,99,53,-3,36,20,263,0,8,39
Dawn of Corruption,Distant,metal,120,95,46,-5,10,11,247,0,19,39
YØU & I,GHØSTKID,metal,170,97,36,-6,23,28,262,0,10,38
Make It Violent,Wake Up Hate,metal,145,100,50,-3,7,24,180,0,12,38
Never Say Die,Wig Wam,metal,130,78,46,-10,61,40,244,0,4,38
Into the Black,Lords of Black,metal,170,93,42,-4,25,55,238,0,5,38
Sheer Khan,Gama Bomb,metal,105,98,34,-4,37,9,278,0,23,38
The Forest Dark,Green Druid,metal,110,67,33,-7,10,12,671,0,4,38
Queen of the Damned,DAMN NATION,metal,193,88,28,-6,13,53,209,0,10,38
No One's Above,Abbie Falls,metal,90,99,19,-3,23,7,214,0,14,37
Intercorrupted,Ra,metal,152,87,48,-5,30,20,242,0,6,37
Havoc,Andromida,metal,167,95,43,-4,28,67,309,0,5,37
Particle,Pyramaze,metal,105,91,52,-8,9,34,265,0,5,37
"Oh God, I've Never Felt This Low",To Kill Achilles,metal,134,88,38,-9,33,35,237,0,11,37
Edict,Genus Ordinis Dei,metal,111,79,53,-6,10,18,402,0,5,37
Surrender,DGM,metal,85,99,42,-5,29,24,340,0,13,37
It's Already Over,Portrayal of Guilt,metal,154,85,22,-5,6,13,162,0,4,36
Resilience ?,October Ends,metal,145,95,41,-5,27,50,207,0,15,36
Skalpell,Paleface,metal,120,96,35,-4,21,24,262,0,13,36
Desolate Specter,Termina,metal,155,96,46,-7,31,25,193,0,12,36
Devil's Head,Nicolas Cage Fighter,metal,170,88,15,-7,39,41,216,0,6,36
A Fragile Existence,Psycroptic,metal,160,95,35,-7,9,6,274,0,10,35
Suffering,LIMBS,metal,105,98,38,-3,35,18,300,0,13,35
The Dark Unbroken,Dark Tranquillity,metal,146,98,41,-6,22,20,295,0,8,34
Alive,Bury Me Alive,metal,140,98,50,-3,15,17,191,0,16,34
Creatures,BrokenRail,metal,120,98,50,-5,17,8,232,0,14,34
Strain,Mors Subita,metal,100,93,47,-7,34,8,369,0,11,32
Terrorized,Beloved Ghouls,metal,104,96,32,-8,14,12,302,0,15,32
Næ?ir um,Au?n,metal,172,76,12,-8,37,18,304,0,7,32
The Rising Tide,The Five Hundred,metal,120,99,47,-2,29,18,240,0,13,32
Hell Is Empty,VCTMS,metal,95,100,49,-2,18,27,165,0,9,32
Let It Die,Everyone Loves A Villain,metal,180,96,36,-4,35,35,197,0,15,29
Right Here,TIMELESS,metal,125,90,54,-7,10,51,214,0,4,29
When the World is Falling Down,Vanden Plas,metal,101,97,47,-5,13,19,426,0,7,29
Cicatrice,Respire,metal,123,95,25,-6,74,5,296,0,10,29
Guided by Evil,Nervosa,metal,100,95,51,-8,34,13,210,0,4,29
The Devil Will See You Now,Bleed The Sky,metal,180,95,42,-5,10,34,241,0,11,28
Agonize,Dead Girls Academy,metal,100,88,54,-6,13,21,202,0,9,28
Doom,Scour,metal,124,91,26,-5,38,7,182,0,10,28
Invisible War,Insidious Disease,metal,94,99,20,-5,21,12,246,0,10,27
Defekt,GrooVenoM,metal,140,97,51,-5,48,55,252,0,9,27
Uranus (feat. Michael Starr),NanowaR of Steel,metal,102,92,55,-6,3,40,253,0,5,27
Sleepwalkers,Draconian,metal,110,52,39,-9,13,5,405,0,3,26
A Night To Dismember,Bloody Hammers,metal,100,91,53,-5,6,72,198,0,3,26
Calcified Youth,Blood From The Soul,metal,148,97,33,-5,29,17,274,0,6,26
Chapter II,Devil in the Details,metal,122,97,52,-4,25,32,202,0,10,26
No Difference,Evildead,metal,88,97,32,-4,54,35,260,0,17,26
Digue,Déluge,metal,180,95,27,-5,77,6,363,0,12,26
Indoctrination,Sodom,metal,100,97,45,-7,31,49,191,0,5,25
Detritus of the Final Age,Harlott,metal,103,95,28,-6,27,11,294,0,11,25
The promethean fire,Loudblast,metal,130,97,46,-4,14,17,239,0,11,25
Winds Of Slaughter,Shrapnel,metal,187,96,31,-5,36,51,284,0,8,24
Der Jegermeister,Trollfest,metal,115,96,37,-7,11,42,283,0,6,24
Necropolis (City of the Damned),Subzero,metal,112,94,29,-5,11,34,171,0,6,23
Marching On Versailles - Acoustic,Ad Infinitum,metal,102,66,65,-6,5,27,232,1,3,15
